curva,valore,ripetizione,secondi,errore,partizioni,file,worker,thread
pandas,1,0,14.28,,1,192,1,1
partizioni,1,0,17.74,,1,192,4,8
partizioni,2,0,14.24,,2,192,4,8
partizioni,4,0,7.03,,4,192,4,8
partizioni,8,0,6.82,,8,192,4,8
partizioni,16,0,6.05,,16,192,4,8
partizioni,32,0,10.28,,32,192,4,8
partizioni,64,0,13.06,,64,192,4,8
partizioni,128,0,28.28,,128,192,4,8
partizioni,192,0,42.89,,192,192,4,8
worker,3,0,52.92,,192,192,3,6
worker,2,0,65.53,,192,192,2,4
worker,1,0,101.18,,192,192,1,2
pandas,1,1,14.13,,1,192,1,1
partizioni,1,1,13.57,,1,192,4,8
partizioni,2,1,11.51,,2,192,4,8
partizioni,4,1,8.76,,4,192,4,8
partizioni,8,1,6.52,,8,192,4,8
partizioni,16,1,6.36,,16,192,4,8
partizioni,32,1,9.65,,32,192,4,8
partizioni,64,1,12.52,,64,192,4,8
partizioni,128,1,26.25,,128,192,4,8
partizioni,192,1,39.92,,192,192,4,8
worker,3,1,51.55,,192,192,3,6
worker,2,1,63.38,,192,192,2,4
worker,1,1,103.76,,192,192,1,2
pandas,1,2,14.07,,1,192,1,1
partizioni,1,2,13.76,,1,192,4,8
partizioni,2,2,10.89,,2,192,4,8
partizioni,4,2,7.79,,4,192,4,8
partizioni,8,2,6.92,,8,192,4,8
partizioni,16,2,6.45,,16,192,4,8
partizioni,32,2,10.93,,32,192,4,8
partizioni,64,2,14.46,,64,192,4,8
partizioni,128,2,27.77,,128,192,4,8
partizioni,192,2,41.75,,192,192,4,8
worker,3,2,51.73,,192,192,3,6
worker,2,2,65.85,,192,192,2,4
worker,1,2,103.18,,192,192,1,2
pandas,1,0,13.99,,1,192,1,1
partizioni,1,0,17.01,,1,192,4,8
partizioni,2,0,14.33,,2,192,4,8
partizioni,4,0,6.95,,4,192,4,8
partizioni,8,0,5.87,,8,192,4,8
partizioni,16,0,7.14,,16,192,4,8
partizioni,32,0,9.82,,32,192,4,8
partizioni,64,0,12.54,,64,192,4,8
partizioni,128,0,27.56,,128,192,4,8
partizioni,192,0,42.23,,192,192,4,8
worker,3,0,48.39,,192,192,3,6
worker,2,0,63.43,,192,192,2,4
worker,1,0,104.89,,192,192,1,2
pandas,1,1,13.97,,1,192,1,1
partizioni,1,1,17.39,,1,192,4,8
partizioni,2,1,12.17,,2,192,4,8
partizioni,4,1,7.88,,4,192,4,8
partizioni,8,1,5.66,,8,192,4,8
partizioni,16,1,7.51,,16,192,4,8
partizioni,32,1,9.88,,32,192,4,8
partizioni,64,1,13.09,,64,192,4,8
partizioni,128,1,26.02,,128,192,4,8
partizioni,192,1,39.5,,192,192,4,8
worker,3,1,49.47,,192,192,3,6
worker,2,1,64.93,,192,192,2,4
worker,1,1,103.19,,192,192,1,2
pandas,1,2,13.85,,1,192,1,1
partizioni,1,2,13.91,,1,192,4,8
partizioni,2,2,11.64,,2,192,4,8
partizioni,4,2,7.35,,4,192,4,8
partizioni,8,2,8.81,,8,192,4,8
partizioni,16,2,6.53,,16,192,4,8
partizioni,32,2,10.19,,32,192,4,8
partizioni,64,2,13.27,,64,192,4,8
partizioni,128,2,27.05,,128,192,4,8
partizioni,192,2,40.23,,192,192,4,8
worker,3,2,48.42,,192,192,3,6
worker,2,2,63.64,,192,192,2,4
worker,1,2,101.42,,192,192,1,2
pandas,1,0,14.13,,1,192,1,1
worker,4,0,6.49,,16,192,4,8
worker,3,0,7.76,,16,192,3,6
worker,2,0,11.92,,16,192,2,4
worker,1,0,19.07,,16,192,1,2
pandas,1,1,14.38,,1,192,1,1
worker,4,1,6.84,,16,192,4,8
worker,3,1,7.77,,16,192,3,6
worker,2,1,10.32,,16,192,2,4
worker,1,1,19.68,,16,192,1,2
pandas,1,2,13.86,,1,192,1,1
worker,4,2,6.25,,16,192,4,8
worker,3,2,8.12,,16,192,3,6
worker,2,2,11.78,,16,192,2,4
worker,1,2,18.82,,16,192,1,2
pandas,1,0,14.09,,1,192,1,1
worker,4,0,6.77,,16,192,4,4
pandas,1,1,14.13,,1,192,1,1
worker,4,1,7.0,,16,192,4,4
pandas,1,2,13.93,,1,192,1,1
worker,4,2,6.23,,16,192,4,4
pandas,1,0,14.11,,1,192,1,1
worker,8,0,5.41,,16,192,8,8
pandas,1,1,14.09,,1,192,1,1
worker,8,1,4.72,,16,192,8,8
pandas,1,2,14.49,,1,192,1,1
worker,8,2,4.78,,16,192,8,8
pandas,1,0,14.43,,1,192,1,1
partizioni,1,0,10.48,,1,192,4,4
partizioni,2,0,12.28,,2,192,4,4
partizioni,4,0,7.01,,4,192,4,4
partizioni,8,0,6.04,,8,192,4,4
partizioni,16,0,6.72,,16,192,4,4
partizioni,32,0,11.02,,32,192,4,4
partizioni,64,0,13.99,,64,192,4,4
partizioni,128,0,29.34,,128,192,4,4
partizioni,192,0,41.02,,192,192,4,4
pandas,1,1,14.14,,1,192,1,1
partizioni,1,1,10.4,,1,192,4,4
partizioni,2,1,10.19,,2,192,4,4
partizioni,4,1,7.63,,4,192,4,4
partizioni,8,1,6.28,,8,192,4,4
partizioni,16,1,6.32,,16,192,4,4
partizioni,32,1,10.39,,32,192,4,4
partizioni,64,1,13.83,,64,192,4,4
partizioni,128,1,27.3,,128,192,4,4
partizioni,192,1,42.78,,192,192,4,4
pandas,1,2,13.95,,1,192,1,1
partizioni,1,2,10.39,,1,192,4,4
partizioni,2,2,12.02,,2,192,4,4
partizioni,4,2,7.94,,4,192,4,4
partizioni,8,2,6.73,,8,192,4,4
partizioni,16,2,6.12,,16,192,4,4
partizioni,32,2,10.72,,32,192,4,4
partizioni,64,2,13.8,,64,192,4,4
partizioni,128,2,28.73,,128,192,4,4
partizioni,192,2,43.44,,192,192,4,4
pandas,1,0,14.27,,1,192,1,1
partizioni,1,0,12.29,,1,192,8,8
partizioni,2,0,11.69,,2,192,8,8
partizioni,4,0,8.44,,4,192,8,8
partizioni,8,0,3.75,,8,192,8,8
partizioni,16,0,5.08,,16,192,8,8
partizioni,32,0,6.67,,32,192,8,8
partizioni,64,0,7.74,,64,192,8,8
partizioni,128,0,17.05,,128,192,8,8
partizioni,192,0,25.33,,192,192,8,8
pandas,1,1,14.68,,1,192,1,1
partizioni,1,1,10.92,,1,192,8,8
partizioni,2,1,10.81,,2,192,8,8
partizioni,4,1,7.19,,4,192,8,8
partizioni,8,1,3.96,,8,192,8,8
partizioni,16,1,4.97,,16,192,8,8
partizioni,32,1,6.13,,32,192,8,8
partizioni,64,1,7.3,,64,192,8,8
partizioni,128,1,17.36,,128,192,8,8
partizioni,192,1,26.42,,192,192,8,8
pandas,1,2,14.16,,1,192,1,1
partizioni,1,2,11.36,,1,192,8,8
partizioni,2,2,10.75,,2,192,8,8
partizioni,4,2,7.52,,4,192,8,8
partizioni,8,2,4.01,,8,192,8,8
partizioni,16,2,4.55,,16,192,8,8
partizioni,32,2,6.25,,32,192,8,8
partizioni,64,2,7.68,,64,192,8,8
partizioni,128,2,16.08,,128,192,8,8
partizioni,192,2,26.18,,192,192,8,8
